{"cameraMode":{"drawMode":0,"name":"Shaded","section":"Shading Mode"},"sceneLighting":true,"audioPlay":false,"sceneViewState":{"m_AlwaysRefresh":false,"showFog":true,"showSkybox":true,"showFlares":true,"showImageEffects":true,"showParticleSystems":true,"showVisualEffectGraphs":true,"m_FxEnabled":true},"in2DMode":false,"pivot":{"x":0.9126462936401367,"y":-0.5718121528625488,"z":2.264042854309082},"rotation":{"x":0.11695550382137299,"y":0.7448915243148804,"z":-0.13554760813713075,"w":0.6427175998687744},"size":1.997933268547058,"orthographic":true}